{
  "marketing_stripe": {
    "text": "Frete Grátis em compras acima de R$ 150",
    "link": "",
    "background": "#da226c"
  },
  "contacts_stripe": {
    "pages": [
      {
        "title": "Sobre nós",
        "link": "/pages/sobre-nos"
      },
      {
        "title": "Esta loja é um PWA",
        "link": "/posts/esta-loja-e-um-pwa"
      }
    ],
    "phone_wpp": true,
    "socials": true
  },
  "categories_list": {
    "featured": [],
    "random": 6,
    "full_width": false
  },
  "search_input": true
}