{
  "meta_title": "Uai Que Tesão | Sex Shop Online",
  "meta_description": "Bem-vindo (a) a UaiqueT, somos uma loja de sex shop online e temos a missão de ajudar você a sentir muito prazer e também dar prazer ao seu parceiro(a). Conosco o autoconhecimento e o aprofundar nas relações íntimas acontece de maneira agradável e criativa e sempre divertida.",
  "sections": [
    {
      "type": "breadcrumbs",
      "enabled": true
    },
    {
      "type": "banner-slider",
      "autoplay": 14000,
      "slides": [
        {
          "start": "2021-06-08T13:27:57.320Z",
          "end": "2021-12-04T13:27:57.340Z",
          "img": "/img/uploads/slide-1622827998148-660116684-5e55d84f8a49f64706201d0fe0345eb21622828000.jpg"
        }
      ]
    },
    {
      "type": "page-title",
      "title": "Uai Que Tesão | Sex Shop Online",
      "description": "Bem-vindo (a) a UaiqueT, somos uma loja de sex shop online e temos a missão de ajudar você a sentir muito prazer e também dar prazer ao seu parceiro(a). Conosco o autoconhecimento e o aprofundar nas relações íntimas acontece de maneira agradável e criativa e sempre divertida."
    },
    {
      "type": "info-bar",
      "enabled": true
    },
    {
      "type": "offers-timer",
      "max_hours": 24,
      "start": "2021-06-08T13:50:56.154Z",
      "end": "2021-06-11T02:41:04.468Z",
      "offers": [
        "60b127fc29a83117064fbdb1",
        "60b1285929a83117064fbe00",
        "60b1285929a83117064fbe00",
        "60bf941d641ad82fcc2320f5",
        "60b5c77a973cd123f3a89a13",
        "60b5c4ec973cd123f3a89969"
      ],
      "notes": "Promoções por tempo limitado!"
    },
    {
      "type": "collection-shelf",
      "shuffle": false,
      "limit": 20,
      "page": 1,
      "collection_id": "60b1218929a83117064fb7fe:categories:Vibradores:/vibradores",
      "sort": "lowest_price",
      "title": "Vibradores em Oferta"
    },
    {
      "type": "collection-shelf",
      "shuffle": false,
      "limit": 12,
      "page": 1,
      "collection_id": "60b243ad29a8311706507241:categories:Fantasias Sensuais:/fantasias-sensuais",
      "sort": "lowest_price"
    },
    {
      "type": "collection-shelf",
      "shuffle": false,
      "limit": 12,
      "page": 1,
      "collection_id": "60b121c229a83117064fb836:categories:Sado/Fetiche:/sadofetiche",
      "sort": "lowest_price"
    },
    {
      "type": "collection-shelf",
      "shuffle": false,
      "collection_id": "60b11e0c29a83117064fb441:categories:Moda Sensual:/moda-sensual",
      "limit": 12,
      "page": 1,
      "sort": "lowest_price"
    },
    {
      "type": "collection-shelf",
      "shuffle": false,
      "limit": 12,
      "page": 1,
      "collection_id": "60b1217029a83117064fb7e6:categories:Cosméticos:/cosmeticos",
      "sort": "lowest_price"
    },
    {
      "type": "responsive-banner",
      "img": "/img/uploads/banner-principal.png"
    }
  ]
}